{"version":"0.2","x":167,"y":191,"width":338,"height":242,"scale":1.0,"color":0,"transparent":true,"strokes":[{"width":2.5,"color":-1,"type":"pen","data":[76.15625,104.07144,0.31421208,75.875,103.57144,0.33962777,75.875,103.214294,0.36728376,76.15625,102.5,0.39547786,76.90625,101.714294,0.42410275,78.125,101.0,0.44874105,79.8125,100.35715,0.47209522,81.96875,99.57144,0.492366,83.234375,99.16965,0.50098455,84.59375,98.785736,0.50896174,86.01172,98.45538,0.51676273,87.5,98.14288,0.52410144,89.05859,97.80359,0.5309322,90.6875,97.5,0.5369986,92.39844,97.29019,0.5418178,94.15625,97.14288,0.5460245,95.92578,97.0625,0.55031276,97.71875,97.0,0.554022,99.546875,96.88394,0.5565549,101.375,96.785736,0.5584156,103.17383,96.75894,0.55994564,104.9375,96.785736,0.5610352,106.66016,96.87503,0.5616342,108.3125,97.0,0.5619057,109.84766,97.1384,0.5619601,111.3125,97.285736,0.5619057,112.771484,97.41968,0.5618514,114.125,97.57144,0.5619057,116.28125,98.0,0.56277484,118.0625,98.214294,0.56277484,119.46875,98.42859,0.56277484,119.84375,98.285736,0.55578357,119.84375,98.07144,0.54512864,119.5625,97.57144,0.5250332,118.90625,97.14288,0.49533504,118.0625,96.35715,0.45091414,117.40625,95.5,0.39299834]},{"width":2.5,"color":-1,"type":"pen","data":[99.875,82.42859,0.12891,98.65625,82.714294,0.16544026,97.625,82.85715,0.2097338,96.59375,82.85715,0.24816039,95.75,82.785736,0.34815532,95.09375,83.214294,0.36192167,94.71875,83.85715,0.37518322,94.625,85.0,0.39175272,94.625,86.285736,0.4064485,94.625,88.214294,0.4194676,94.625,90.714294,0.4332243,94.63086,92.17859,0.43813932,94.625,93.785736,0.4421577,94.60742,95.56253,0.44566938,94.53125,97.42859,0.44874105,94.32031,99.30359,0.45159134,94.0625,101.214294,0.45415428,93.833984,103.183044,0.4565019,93.59375,105.14288,0.45843884,93.33008,107.004486,0.45963797,93.03125,108.85715,0.4605662,92.65625,110.79019,0.46169198,92.28125,112.714294,0.46268374,91.98242,114.589294,0.46334365,91.71875,116.35715,0.4637389,91.47266,117.91519,0.46380484,91.25,119.35715,0.4637389,91.04492,120.76788,0.4637389,90.875,122.07144,0.4637389,90.6875,124.214294,0.4637389,90.6875,126.07144,0.46268374,90.875,127.42859,0.46268374,91.15625,128.7143,0.46268374,91.625,129.64288,0.4605662,92.09375,130.28574,0.44765055]},{"width":2.5,"color":-1,"type":"pen","data":[117.40625,117.714294,0.30312803,117.125,118.07144,0.33235437,116.65625,118.5,0.36461255,116.09375,118.85715,0.38799182,115.53125,119.285736,0.4194676,115.625,119.5,0.4194676,116.0,119.57144,0.4183008,116.5625,119.57144,0.41713074,118.0625,119.714294,0.41713074,119.84375,119.785736,0.41713074,122.0,119.785736,0.41713074,124.25,119.714294,0.41713074,125.5332,119.61163,0.41698468,126.78125,119.42859,0.41713074,128.75,118.714294,0.4194676,130.625,118.0,0.42410275,132.125,117.14288,0.4298264,133.34375,116.214294,0.43771377,134.5625,115.35715,0.444363,135.40625,114.35715,0.45091414,135.875,113.35715,0.4563016,135.96875,112.5,0.45737147,135.59375,111.5,0.4605662,135.03125,110.714294,0.46162617,134.1875,110.0,0.46162617,133.15625,109.35715,0.4637389,131.84375,108.714294,0.46479166,130.625,108.42859,0.46584204,129.3125,108.214294,0.46584204,128.1875,108.214294,0.46689004,127.25,108.42859,0.4679357,126.3125,108.85715,0.4679357,125.5625,109.5,0.47002006,125.0,110.35715,0.4710588,124.34375,111.42859,0.4710588,123.875,112.57144,0.47209522,123.3125,113.85715,0.4710588,122.65625,115.35715,0.4710588,122.09375,116.714294,0.46897906,121.625,118.285736,0.4710588,121.0625,119.785736,0.4710588,120.59375,121.285736,0.4710588,120.40625,122.714294,0.4710588,120.125,124.14288,0.46897906,120.03125,125.57144,0.46897906,120.125,126.785736,0.46897906,120.5,128.07144,0.47002006,120.78125,129.07144,0.47002006,121.15625,130.0,0.47002006,121.71875,130.7143,0.47002006,122.375,131.42859,0.46897906,123.3125,132.0,0.47002006,124.25,132.28574,0.47002006,125.1875,132.42859,0.47209522,126.5,132.42859,0.4731294,127.8125,132.28574,0.47209522,129.3125,132.0,0.47209522,130.8125,131.5,0.4710588,132.21875,131.0,0.4710588,133.625,130.35715,0.4710588,134.75,129.78574,0.47002006,135.875,129.28574,0.4679357,136.625,128.78574,0.46162617,136.8125,128.28574,0.3686121]},{"width":2.5,"color":-1,"type":"pen","data":[160.625,106.14288,0.14327547,160.8125,105.42859,0.18759161,160.90625,104.85715,0.23396786,160.8125,104.35715,0.2652946,160.4375,103.64288,0.29329422,160.0625,103.214294,0.33088052,159.5,102.85715,0.33528265,158.75,102.64288,0.33673725,158.09375,102.714294,0.33673725,157.53125,103.07144,0.33673725,156.6875,103.42859,0.33962777,155.9375,104.07144,0.34815532,154.90625,104.85715,0.35784736,153.6875,105.785736,0.36993566,152.5625,106.785736,0.3829198,151.15625,108.0,0.39424005,149.84375,109.14288,0.4040363,148.625,110.14288,0.41360065,147.3125,111.285736,0.42063117,146.1875,112.285736,0.42294872,145.4375,113.285736,0.42525366,144.875,114.214294,0.42640144,144.59375,115.07144,0.42640144,144.59375,115.714294,0.42640144,145.15625,116.35715,0.42640144,146.09375,116.85715,0.42754614,147.3125,117.285736,0.42868778,148.8125,117.64288,0.43209463,150.40625,118.0,0.43209463,152.0,118.35715,0.4332243,153.5,118.714294,0.434351,154.8125,119.14288,0.4354748,155.84375,119.57144,0.4410509,156.59375,120.07144,0.444363,156.96875,120.714294,0.44655737,156.96875,121.5,0.45091414,156.6875,122.285736,0.4552292,156.21875,123.07144,0.46162617,155.46875,123.85715,0.47209522,154.4375,124.64288,0.4803062,153.21875,125.57144,0.48435947,152.0,126.42859,0.48837912,150.59375,127.35715,0.48837912,149.28125,128.07144,0.48837912,147.875,128.78574,0.48737732,146.5625,129.42859,0.48637345,145.4375,130.07144,0.48637345,144.3125,130.57144,0.48435947,143.375,130.85715,0.4813227,142.625,131.14288,0.47002006,142.0625,131.0,0.41595736,141.5,130.64288,0.37387824,141.5,130.2143,0.326419]},{"width":2.5,"color":-1,"type":"pen","data":[165.59375,109.0,0.32940006,165.59375,108.785736,0.35647893,166.0625,108.785736,0.37387824,166.71875,108.785736,0.38673005,167.5625,108.85715,0.39547786,169.25,109.0,0.40160966,171.3125,109.07144,0.40282482,173.375,109.214294,0.4040363,175.625,109.35715,0.40282482,177.3125,109.285736,0.4003908,178.625,109.285736,0.40282482,179.5625,109.285736,0.4052442,180.125,109.0,0.35647893,180.3125,108.57144,0.3249182,180.125,108.0,0.2966084,179.84375,107.35715,0.27256432,179.46875,106.5,0.25591725,178.8125,105.5,0.2401531]},{"width":2.5,"color":-1,"type":"pen","data":[174.96875,97.5,0.29162303,174.6875,97.285736,0.30151135,174.59375,97.5,0.30951038,174.3125,98.0,0.31730783,174.125,98.85715,0.3249182,174.125,100.0,0.33528265,174.125,101.14288,0.34955636,174.21875,102.57144,0.3659506,174.125,104.35715,0.38164124,173.9375,105.85715,0.39794192,173.5625,107.5,0.41241723,173.09375,109.285736,0.42179155,172.4375,111.285736,0.430962,171.59375,113.5,0.4421577,171.16602,114.76788,0.44656616,170.75,116.07144,0.45091414,170.35742,117.33038,0.4566196,170.0,118.57144,0.46162617,169.4375,121.0,0.46479166,169.15625,123.214294,0.46689004,169.15625,125.285736,0.47002006,169.53125,127.14288,0.47002006,170.09375,128.35715,0.47209522,171.03125,129.35715,0.4741613,172.25,129.85715,0.4741613,173.65625,130.2143,0.47209522,175.25,130.35715,0.4710588,176.75,130.5,0.4731294,178.25,130.42859,0.4741613,179.5625,130.28574,0.47826666,180.59375,130.2143,0.4803062,181.625,130.2143,0.4823371,182.5625,130.2143,0.48737732]},{"width":2.5,"color":-1,"type":"pen",